"Year","RP1"
1,-0.534304837163741
2,-0.439070573915961
3,-0.345851738842589
4,-0.340402492995974
5,-0.289460488163447
6,-0.189014232421417
7,-0.123896081582049
8,-0.277136177471175
9,-0.398038575127105
10,-0.422372975226402
11,-0.411827636341886
12,-0.390941490784554
13,-0.281805799012624
14,-0.359031648619384
15,-0.423497307474659
16,-0.393153561469919
17,-0.344243378568886
18,-0.327653878096431
19,-0.354801820758561
20,-0.384976772016612
21,-0.392490155361346
22,-0.369769878917969
23,-0.348700417254061
24,-0.395452160488431
25,-0.325774504060873
26,-0.341103656124102
27,-0.334409782135163
28,-0.341695052293356
29,-0.424119687194306
30,-0.395186659572747
31,-0.442244800543256
32,-0.365088954100663
33,-0.356707820669128
34,-0.327708519202044
35,-0.345928989425966
36,-0.410275234377838
37,-0.333044696521124
38,-0.329251297047581
39,-0.346403181436265
40,-0.442696162176626
41,-0.36047886810072
42,-0.31832028737791
43,-0.328037644494783
44,-0.384269048339583
45,-0.393151103009003
46,-0.43071939453252
47,-0.410787762099995
48,-0.523149430811198
49,-0.513793155398672
50,-0.529619552613805
51,-0.582887143497779
52,-0.573304524865576
53,-0.51242992622617
54,-0.471137923841943
55,-0.461348270704306
56,-0.491208441042198
57,-0.575934563984551
58,-0.47816679433601
59,-0.546459321278859
60,-0.442987179747583
61,-0.308164559243735
62,-0.459699497379846
63,-0.352741417145406
64,-0.324766087429835
65,-0.409635688375367
66,-0.430934517793837
67,-0.402831377690072
68,-0.370043370324804
69,-0.413576338350318
70,-0.434925560155339
71,-0.426373157056677
72,-0.380928016541601
73,-0.430748436503762
74,-0.500728733953832
75,-0.461308066197072
76,-0.435095561351998
77,-0.484229366374498
78,-0.529052753854025
79,-0.45942565186455
80,-0.510734943363839
81,-0.51255409450911
82,-0.535747502594301
83,-0.495765238857727
84,-0.559784802976806
85,-0.509479938213199
86,-0.460582363301342
87,-0.442287412960755
88,-0.285528285457562
89,-0.345726890188244
90,-0.427486459444154
91,-0.370597621763612
92,-0.268608945409039
93,-0.349352456843586
94,-0.446801341266691
95,-0.403415707341299
96,-0.344681293881732
97,-0.474564729824467
98,-0.371000069956985
99,-0.218686611795075
100,-0.307298525188353
101,-0.331062158980261
102,-0.328543465059799
103,-0.300291682570171
104,-0.335860870057658
105,-0.303056980263401
106,-0.349960570231749
107,-0.35568905010587
108,-0.381872174468239
109,-0.553859200207275
110,-0.45371698976775
111,-0.452763299075747
112,-0.586430918390426
113,-0.541365082388046
114,-0.435096016196121
115,-0.45118651958443
116,-0.465671326346068
117,-0.464618716584409
118,-0.475816073875142
119,-0.556685113520278
120,-0.522528393978292
121,-0.477979517359264
122,-0.531668093944824
123,-0.597065729669817
124,-0.530682896292531
125,-0.455652188992865
126,-0.552567603659171
127,-0.476073196051433
128,-0.542066255422261
129,-0.512804056423552
130,-0.556953497087688
131,-0.420743479434347
132,-0.478167848409349
133,-0.55765033862396
134,-0.525836632691717
135,-0.47979898636594
136,-0.345313758662855
137,-0.34970612649564
138,-0.341447394692815
139,-0.37646006354727
140,-0.405091642225348
141,-0.420817068527674
142,-0.461133460514373
143,-0.39024173690616
144,-0.42296393537921
145,-0.382812923323872
146,-0.512257754454086
147,-0.426860679482329
148,-0.463928419465582
149,-0.329718079426326
150,-0.440308537409369
151,-0.457218504558141
152,-0.468611444948664
153,-0.398954574739194
154,-0.357047516133318
155,-0.368062442286985
156,-0.380140946977236
157,-0.456734513919224
158,-0.424066291383398
159,-0.430385349586538
160,-0.290273589969129
161,-0.304045325492943
162,-0.376505163853375
163,-0.402524737463352
164,-0.424586965858251
165,-0.501022210197064
166,-0.436935902005594
167,-0.375565254762748
168,-0.46982274685042
169,-0.45879974007852
170,-0.413933711949865
171,-0.489652244027992
172,-0.435898754140068
173,-0.400521890735268
174,-0.463053596445326
175,-0.510327617168378
176,-0.47461313884595
177,-0.490933631640257
178,-0.523732650307646
179,-0.536804580482944
180,-0.523880562196922
181,-0.518026549755882
182,-0.532131084364581
183,-0.498055962996262
184,-0.476332081738801
185,-0.456089989712964
186,-0.427947288232293
187,-0.417030774886653
188,-0.414720716381106
189,-0.427247852619887
190,-0.39371693618309
191,-0.355348215824323
192,-0.445808194267169
193,-0.471546010900021
194,-0.414354518718295
195,-0.496606443097438
196,-0.365493666841747
197,-0.269261359783267
198,-0.367524720812554
199,-0.407649562381858
200,-0.48827202135073
201,-0.52278994814803
202,-0.474139602096648
203,-0.561445965854969
204,-0.463103208752105
205,-0.448594166297131
206,-0.430179361199705
207,-0.395056661373512
208,-0.401978278359437
209,-0.314440600106255
210,-0.361639686120871
211,-0.441192726114449
212,-0.391378739951059
213,-0.39459043874522
214,-0.444688111644777
215,-0.466017569654061
216,-0.412024365582091
217,-0.391170674707033
218,-0.435996834213124
219,-0.422786502269555
220,-0.440709276647888
221,-0.47954144850177
222,-0.373535287182649
223,-0.364492100729113
224,-0.327092861115103
225,-0.306271823260917
226,-0.334949554433931
227,-0.324840507380352
228,-0.417090013752214
229,-0.307913156209523
230,-0.317127561880693
231,-0.295987303858096
232,-0.261237291960836
233,-0.324723170235604
234,-0.35248815673277
235,-0.225779045410305
236,-0.344366774596558
237,-0.392057391721023
238,-0.325528219583085
239,-0.167083512052311
240,-0.235585549186993
241,-0.3773971584305
242,-0.336691528070943
243,-0.361351414843599
244,-0.304155184586905
245,-0.283896369069525
246,-0.23679200993911
247,-0.205915978491635
248,-0.230317417120165
249,-0.24283934662351
250,-0.220074892578473
251,-0.396320499774273
252,-0.298112575438163
253,-0.44194329084443
254,-0.517161676447545
255,-0.49814672805088
256,-0.524156243220336
257,-0.477783212998827
258,-0.509215707880384
259,-0.488741799694237
260,-0.549831521445744
261,-0.495485647928161
262,-0.517345044149131
263,-0.528235780192992
264,-0.374163886772748
265,-0.45525792104862
266,-0.456239241204434
267,-0.493688237844445
268,-0.467189791017036
269,-0.415987050942215
270,-0.392944037295231
271,-0.473168608436953
272,-0.46597255296065
273,-0.49048625560221
274,-0.573588529222863
275,-0.534870851971796
276,-0.50533026835508
277,-0.493480302966261
278,-0.417412083904009
279,-0.534500870306469
280,-0.419011222157783
281,-0.426167209206623
282,-0.298839622694163
283,-0.393492261838893
284,-0.427486928765615
285,-0.413419344064257
286,-0.404227817116432
287,-0.484685373880747
288,-0.438725897660856
289,-0.471986123290171
290,-0.596994865977715
291,-0.524882943154806
292,-0.507722921662933
293,-0.571656158528727
294,-0.497599842039613
295,-0.487836037647336
296,-0.456690938200075
297,-0.388780055831281
298,-0.461108252602124
299,-0.430629632143081
300,-0.352359247689027
301,-0.384845067430359
302,-0.37028530167443
303,-0.296153587795385
304,-0.273613425739876
305,-0.35702260244032
306,-0.241983678198617
307,-0.310993479003399
308,-0.392740865951053
309,-0.454168733694586
310,-0.46385063457328
311,-0.409435633967593
312,-0.431928318164282
313,-0.395313058437312
314,-0.386423929657769
315,-0.436252654773448
316,-0.459082806765354
317,-0.377980785477606
318,-0.373928203378707
319,-0.425300915509392
320,-0.463130914730012
321,-0.459453781445858
322,-0.448342395613972
323,-0.453027642667111
324,-0.423351354438307
325,-0.419660504682682
326,-0.467146051672027
327,-0.4164394984993
328,-0.457826464415711
329,-0.480568583473779
330,-0.447158018112381
331,-0.499297536869693
332,-0.433570656556637
333,-0.431992362423027
334,-0.381783824824691
335,-0.475185867904118
336,-0.473285260830468
337,-0.444996444176482
338,-0.535609971894176
339,-0.50204559553011
340,-0.360456817270073
341,-0.335668994094956
342,-0.366211270918115
343,-0.374578696401307
344,-0.40679220445956
345,-0.444693986949998
346,-0.436498432333557
347,-0.495047050512501
348,-0.481330023918298
349,-0.464492233402615
350,-0.524251258807606
351,-0.519908058234674
352,-0.573220402892439
353,-0.522607557739133
354,-0.604614939313219
355,-0.557117278206611
356,-0.519496971089521
357,-0.595049712867015
358,-0.498154344702853
359,-0.524073782723455
360,-0.447011202465884
361,-0.364568797649093
362,-0.397462445892267
363,-0.360705704734495
364,-0.300554378908171
365,-0.376012809584388
366,-0.402611846262792
367,-0.437301150094105
368,-0.499086960969345
369,-0.554304146565809
370,-0.4760202994599
371,-0.48342860289773
372,-0.542791761302739
373,-0.517837171647487
374,-0.610703891313201
375,-0.548866025464167
376,-0.557657817260603
377,-0.417232105688026
378,-0.512551290339156
379,-0.496764389573273
380,-0.503537843610747
381,-0.570254501515733
382,-0.556257827574582
383,-0.468280419065394
384,-0.44428224442442
385,-0.450923296738441
386,-0.459393243571009
387,-0.39490780002408
388,-0.462140065802704
389,-0.497926449321515
390,-0.578439475105093
391,-0.479799080795725
392,-0.508712148654874
393,-0.545534901922703
394,-0.457430314287047
395,-0.422510525584248
396,-0.348182282978237
397,-0.267950384955956
398,-0.343715863729251
399,-0.441406135082424
400,-0.37628194130787
401,-0.417712248205922
402,-0.364962096983639
403,-0.384006178091212
404,-0.475695735783668
405,-0.355409721788336
406,-0.306651764548969
407,-0.3415429578462
408,-0.446851989551635
409,-0.445080278528229
410,-0.384742411087462
411,-0.403036052371515
412,-0.465808735774561
413,-0.379078726435496
414,-0.420369207952922
415,-0.362254633809197
416,-0.375453512801999
417,-0.517932633717865
418,-0.448857716298301
419,-0.425995989230631
420,-0.472507728633183
421,-0.495308212270351
422,-0.503318628672882
423,-0.554002169573305
424,-0.37724552154854
425,-0.40333398068673
426,-0.473677328394761
427,-0.428333712781454
428,-0.504431561963686
429,-0.404651520573603
430,-0.37637101275762
431,-0.43359471676324
432,-0.405855761382674
433,-0.36789165613155
434,-0.376363426399746
435,-0.3655134751218
436,-0.534364335609587
437,-0.476045728954056
438,-0.48619390113247
439,-0.493201770757227
440,-0.432554420988344
441,-0.473641949967754
442,-0.432180765385423
443,-0.393626314977575
444,-0.297427756860743
445,-0.503433783920453
446,-0.503599147600473
447,-0.426775143686511
448,-0.368805252190751
449,-0.454169878449181
450,-0.347874024554619
451,-0.461946587941838
452,-0.429270097573832
453,-0.424499363795038
454,-0.468386153646541
455,-0.48722107775385
456,-0.533494759203612
457,-0.411769435947254
458,-0.361075651950679
459,-0.392959723663935
460,-0.465919105546351
461,-0.42352327763637
462,-0.487889609848439
463,-0.482143820405763
464,-0.557775356216686
465,-0.528953976837707
466,-0.558111160236374
467,-0.611348727436039
468,-0.58352416984068
469,-0.640758359842876
470,-0.632151805111287
471,-0.645683531637013
472,-0.576331475257432
473,-0.458628780869788
474,-0.610954910083489
475,-0.498345659161423
476,-0.484552378153687
477,-0.59639659554255
478,-0.510284291453491
479,-0.475098434591051
480,-0.395679585272851
481,-0.359940858960393
482,-0.381150444413109
483,-0.347139396703394
484,-0.384155619477039
485,-0.33835211304107
486,-0.409439260028535
487,-0.398222530161064
488,-0.321789567045453
489,-0.310937099436975
490,-0.431203009572111
491,-0.367139852258376
492,-0.429630497904943
493,-0.400480437552348
494,-0.40581450276736
495,-0.491493927933021
496,-0.364754791706037
497,-0.406145957743082
498,-0.43738763437892
499,-0.376386912821222
500,-0.314189507173874
501,-0.286471766424493
502,-0.307575156711432
503,-0.288369306139298
504,-0.537732150774804
505,-0.38972426774274
506,-0.35024332498601
507,-0.349840849136182
508,-0.366399236751253
509,-0.401601130746658
510,-0.403811087986353
511,-0.38722200904409
512,-0.425755033875252
513,-0.393586372822757
514,-0.4281214787917
515,-0.473251640702177
516,-0.403736414671042
517,-0.341238831044859
518,-0.388018272999341
519,-0.37218196737339
520,-0.363384007153122
521,-0.330947787693773
522,-0.380045168769752
523,-0.368108004817889
524,-0.373530070730838
525,-0.377659822019954
526,-0.463355681465734
527,-0.374185031705096
528,-0.460697994486944
529,-0.397530825003556
530,-0.388063477251025
531,-0.4906164034249
532,-0.350557920093357
533,-0.421005132816581
534,-0.374262683986497
535,-0.353300716552981
536,-0.55947151118685
537,-0.458769087188756
538,-0.50247112072635
539,-0.500026201249196
540,-0.572873123027326
541,-0.646976902673175
542,-0.649273352677963
543,-0.731710156137952
544,-0.653367370579605
545,-0.651633142843647
546,-0.54397560990975
547,-0.550647497773053
548,-0.535196737865246
549,-0.719654101750854
550,-0.658598391650023
551,-0.651214183258484
552,-0.678215605168101
553,-0.595549425024699
554,-0.519036821288824
555,-0.590207778782095
556,-0.528583082202627
557,-0.53987328085052
558,-0.372151795702336
559,-0.37065812990701
560,-0.545241857997754
561,-0.520923682936279
562,-0.550064578640038
563,-0.424853163106796
564,-0.443873128026369
565,-0.427512184306927
566,-0.434817008402043
567,-0.449662059523979
568,-0.449937553850166
569,-0.545603650351759
570,-0.395168547831787
571,-0.475391992631412
572,-0.463272860651116
573,-0.428028362423855
574,-0.570688331665907
575,-0.492415042149243
576,-0.424832012944383
577,-0.445964574737168
578,-0.457861801582194
579,-0.453905926608868
580,-0.368079748749602
581,-0.424920379743322
582,-0.520418976634455
583,-0.414283643696411
584,-0.383463918496464
585,-0.425189999879588
586,-0.286341441594695
587,-0.371208040921354
588,-0.388723047772043
589,-0.457796262869601
590,-0.383599891953111
591,-0.355373654655302
592,-0.395840480087402
593,-0.334755802691912
594,-0.288339373476107
595,-0.292967292763844
596,-0.496211855892566
597,-0.393481859195206
598,-0.382143717881326
599,-0.386943533554007
600,-0.339911004696864
601,-0.389665041648066
602,-0.316287305279381
603,-0.408786682758262
604,-0.208607555989482
605,-0.233399458595095
606,-0.336114774815152
607,-0.362413092612532
608,-0.394142629455456
609,-0.390739336731168
610,-0.421333213332571
611,-0.385584574826462
612,-0.367551704195499
613,-0.377010521725769
614,-0.329150284127383
615,-0.355766012676183
616,-0.320617977858268
617,-0.446524137301931
618,-0.393950681481009
619,-0.281615654294712
620,-0.30058322297791
621,-0.429983365528717
622,-0.397326323507931
623,-0.436233205073498
624,-0.419354385909828
625,-0.38153782978496
626,-0.429829078383613
627,-0.691934280742188
628,-0.483280766413396
629,-0.369133042016739
630,-0.404960002904182
631,-0.539370979434585
632,-0.490097926859059
633,-0.380364068124187
634,-0.357225812230037
635,-0.428994333965356
636,-0.45227789798249
637,-0.433618547617531
638,-0.473859962290059
639,-0.589625622066821
640,-0.56747828284
641,-0.563709670579999
642,-0.48493750980554
643,-0.50228868390453
644,-0.417625075972331
645,-0.485072772290452
646,-0.429711084911995
647,-0.439958460766031
648,-0.488897181612257
649,-0.400158589936164
650,-0.384689488129028
651,-0.456472217385661
652,-0.348229665361032
653,-0.405723336380823
654,-0.319001353154525
655,-0.296663073713896
656,-0.291930836967952
657,-0.333584441198146
658,-0.386177724437768
659,-0.402155907761424
660,-0.437080467883311
661,-0.498707892359558
662,-0.507594194011944
663,-0.527925576495302
664,-0.599859527303427
665,-0.536382029213202
666,-0.467308951056713
667,-0.36465643205595
668,-0.455386580210439
669,-0.398944592175942
670,-0.293883545082251
671,-0.25697795850421
672,-0.332629942812099
673,-0.33601343015697
674,-0.163659415929793
675,-0.232906681728585
676,-0.340242830459831
677,-0.285246775233087
678,-0.195387807522261
679,-0.130736931743767
680,-0.130327379499836
681,-0.291112012549146
682,-0.264308543039834
683,-0.282979127229045
684,-0.460654025442871
685,-0.440590448778108
686,-0.489502476154431
687,-0.571828563524419
688,-0.496600428332528
689,-0.582917520763469
690,-0.649777374483246
691,-0.621444078865677
692,-0.6480771286222
693,-0.619096417520824
694,-0.613387638906743
695,-0.62430490994241
696,-0.569629562232976
697,-0.649256793165842
698,-0.542416246009071
699,-0.500802842285348
700,-0.514796782111635
701,-0.42682322767697
702,-0.44807076862744
703,-0.441039756596664
704,-0.488625544461403
705,-0.38929707732316
706,-0.362294337537493
707,-0.430443690674652
708,-0.27656462308252
709,-0.362506144125813
710,-0.361223815611832
711,-0.374445617070585
712,-0.367753382490154
713,-0.375903794377356
714,-0.386114744187243
715,-0.50194084020739
716,-0.42301899534694
717,-0.314279963282134
718,-0.269336552052139
719,-0.337118353900157
720,-0.430869301563737
721,-0.374313234269973
722,-0.39511044711061
723,-0.364568235176283
724,-0.34018890882982
725,-0.285418630037951
726,-0.364712931283895
727,-0.41300958374848
728,-0.370399948821316
729,-0.431486069837808
730,-0.417248356293267
731,-0.405616247768902
732,-0.286576307138482
733,-0.331322183119424
734,-0.243455021358662
735,-0.257691496919976
736,-0.321152824779063
737,-0.285123573424888
738,-0.226486431600932
739,-0.27596945590714
740,-0.336255617589353
741,-0.267097871244527
742,-0.219144924038962
743,-0.271499916248045
744,-0.287850870988269
745,-0.267264492369171
746,-0.145044948423462
747,-0.201049129317333
748,-0.288009972243393
749,-0.310205374541166
750,-0.331413689563083
751,-0.310409198316074
752,-0.267134718621011
753,-0.300045412649901
754,-0.324881581424885
755,-0.295154107603836
756,-0.372348527639082
757,-0.31022056405782
758,-0.346652468884632
759,-0.324249063582684
760,-0.39895942995771
761,-0.382901040005901
762,-0.320567846432078
763,-0.185078164546054
764,-0.140677155186079
765,-0.217490292723427
766,-0.356679960041379
767,-0.317605243899601
768,-0.291988037951292
769,-0.299195327005437
770,-0.345554619775022
771,-0.254363449179255
772,-0.402266900057492
773,-0.438241814826394
774,-0.334835136666338
775,-0.247200640870715
776,-0.210522218419506
777,-0.296190683757774
778,-0.265325139557472
779,-0.319401898712982
780,-0.361096945217437
781,-0.326415386931473
782,-0.34673059447888
783,-0.368298873167537
784,-0.422520649162893
785,-0.331658133481909
786,-0.239164084216484
787,-0.181824915711135
788,-0.39590559875815
789,-0.37509481265757
790,-0.351512730468045
791,-0.457168266248866
792,-0.34891194437279
793,-0.366868784861383
794,-0.316832716017903
795,-0.369914167787213
796,-0.415951362620566
797,-0.344647760614157
798,-0.234606372421265
799,-0.271161679821711
800,-0.422397676533243
801,-0.423100434770845
802,-0.43069262758756
803,-0.45064404966688
804,-0.493717783088863
805,-0.51786575562496
806,-0.553449275371484
807,-0.593933293145967
808,-0.566760398671501
809,-0.472492111609417
810,-0.447507491214953
811,-0.299654199776426
812,-0.288095899568
813,-0.29675265653042
814,-0.33003401114931
815,-0.339332254624725
816,-0.353634152761848
817,-0.399623741785003
818,-0.34059555977927
819,-0.322734030168451
820,-0.278953304154729
821,-0.394544431261848
822,-0.405665224240482
823,-0.292411264492494
824,-0.350348634263975
825,-0.318904417570317
826,-0.341058236789591
827,-0.327207579507829
828,-0.276357841368366
829,-0.248805331359418
830,-0.193151565750176
831,-0.257699054337991
832,-0.197539612472194
833,-0.15787345423023
834,-0.285630930306433
835,-0.277211105357661
836,-0.290787658379064
837,-0.344823542344856
838,-0.372745612128529
839,-0.303203705546302
840,-0.27478188864318
841,-0.277843505442596
842,-0.180397283105243
843,-0.242970284492512
844,-0.285388435909627
845,-0.259361187257915
846,-0.332028908534266
847,-0.317943946339314
848,-0.308710651010827
849,-0.347484078501746
850,-0.297744731677977
851,-0.400187862378998
852,-0.403086968911839
853,-0.313211623353094
854,-0.414104774030569
855,-0.54002550055207
856,-0.585257065086083
857,-0.564379074333491
858,-0.522113333300673
859,-0.541747089029948
860,-0.559126369693368
861,-0.475731002341684
862,-0.42781244457081
863,-0.455973737025899
864,-0.482404404718022
865,-0.55034561314734
866,-0.499067474204246
867,-0.364123571857711
868,-0.334377036811314
869,-0.368342649716028
870,-0.386516441012497
871,-0.351363538619909
872,-0.331601742005915
873,-0.35393124769622
874,-0.422408323994451
875,-0.32267553379239
876,-0.337595047998864
877,-0.323484679573402
878,-0.214793036096138
879,-0.175198704701406
880,-0.0565452852201609
881,-0.24181066121873
882,-0.204311565015143
883,-0.246554179752368
884,-0.387118813779239
885,-0.2396787171506
886,-0.312832442594355
887,-0.189079002643478
888,-0.246539765914302
889,-0.276943384867595
890,-0.367090906402038
891,-0.285056445566869
892,-0.307074670824461
893,-0.345328311603669
894,-0.273320236462905
895,-0.286976524471452
896,-0.337564781311826
897,-0.270980166534777
898,-0.357691686257464
899,-0.375436970557188
900,-0.460155583200884
901,-0.424587377178933
902,-0.449693889022945
903,-0.489922259261255
904,-0.432150699654981
905,-0.430263527081394
906,-0.460559057682295
907,-0.498980418284901
908,-0.421128751916558
909,-0.40554536237857
910,-0.481762489672473
911,-0.425423512964289
912,-0.355326322480621
913,-0.545453717379949
914,-0.473595182474574
915,-0.379655028008922
916,-0.337080006821922
917,-0.357005546443958
918,-0.487570604200261
919,-0.368035896123318
920,-0.422743560388458
921,-0.393025181765755
922,-0.389622198516611
923,-0.310588840376208
924,-0.31394840493568
925,-0.334408027359109
926,-0.307293119509091
927,-0.282356898312109
928,-0.31663724700688
929,-0.243709757899609
930,-0.279681643034579
931,-0.282077676970287
932,-0.310228845417854
933,-0.277163868860938
934,-0.211433892174708
935,-0.295762219144227
936,-0.143480205234566
937,-0.209795545529612
938,-0.234166637071127
939,-0.355446623503786
940,-0.410329020090824
941,-0.344390144577662
942,-0.435047818916757
943,-0.357293229092713
944,-0.36959373610083
945,-0.340921038806234
946,-0.284097284014854
947,-0.29291243862335
948,-0.258919974471246
949,-0.258399823026754
950,-0.281863970610492
951,-0.263733361049333
952,-0.356421149018827
953,-0.332538504708411
954,-0.28035087347773
955,-0.298347519808096
956,-0.24989926845589
957,-0.301357628264355
958,-0.349932250875443
959,-0.32456255250407
960,-0.317909033900786
961,-0.405458791185001
962,-0.339686330742964
963,-0.242009154250341
964,-0.244411029227066
965,-0.22565554339455
966,-0.184485083859253
967,-0.362952943338841
968,-0.286269345842419
969,-0.250403959076246
970,-0.253682302945841
971,-0.22865033638465
972,-0.196182193416209
973,-0.315330271187932
974,-0.305087239928611
975,-0.25749376841209
976,-0.332484562321705
977,-0.335649076318811
978,-0.322885048477326
979,-0.312652501326728
980,-0.316569393325833
981,-0.279418631280563
982,-0.192829380291805
983,-0.151315128783135
984,-0.0918598128762108
985,-0.192524254654039
986,-0.234293040465145
987,-0.355065945877042
988,-0.386313714999089
989,-0.336508928367163
990,-0.340504474433945
991,-0.277643990803195
992,-0.231953517424886
993,-0.14170387701325
994,-0.213178224350872
995,-0.217060582993279
996,-0.239598740993827
997,-0.26158508823121
998,-0.357392359417376
999,-0.361418404559044
1000,-0.3421873497209
1001,-0.335666856122169
1002,-0.284860002324949
1003,-0.330519889325926
1004,-0.392088409292764
1005,-0.369007893181508
1006,-0.288578557923228
1007,-0.317763651194338
1008,-0.300699727633745
1009,-0.405192098259632
1010,-0.242123186710571
1011,-0.203236190759964
1012,-0.224072743966685
1013,-0.222318997762731
1014,-0.231427531484862
1015,-0.321395693424741
1016,-0.426779470166374
1017,-0.274290457420862
1018,-0.352981904309293
1019,-0.352745031716486
1020,-0.322050067328603
1021,-0.343017058030737
1022,-0.320309652214116
1023,-0.22445966602455
1024,-0.240192781261617
1025,-0.261393039354955
1026,-0.275696344058324
1027,-0.273885623491584
1028,-0.154853903918969
1029,-0.257053056019532
1030,-0.374441561436991
1031,-0.29760633849608
1032,-0.281016910831604
1033,-0.290867836004376
1034,-0.220296218714118
1035,-0.364577681691535
1036,-0.254134955035663
1037,-0.178904960748879
1038,-0.303843697173459
1039,-0.232594741666758
1040,-0.107561747295287
1041,-0.276797251134502
1042,-0.345104643111305
1043,-0.35924445417072
1044,-0.296585169888799
1045,-0.255187858527001
1046,-0.287312806203819
1047,-0.246592830222674
1048,-0.215645110757115
1049,-0.233270648369516
1050,-0.12832809140144
1051,-0.117626821653754
1052,-0.166674557748399
1053,-0.36740751406241
1054,-0.329362190581277
1055,-0.420741500358398
1056,-0.424721343596272
1057,-0.341291625218807
1058,-0.335239816156653
1059,-0.383874765579303
1060,-0.288258709184503
1061,-0.181480574258434
1062,-0.182144551008383
1063,-0.263054201269111
1064,-0.28625273171487
1065,-0.321108611858821
1066,-0.344258653878649
1067,-0.31832919429273
1068,-0.393471461634264
1069,-0.389255279682714
1070,-0.283430837633034
1071,-0.351254054303496
1072,-0.287393799460037
1073,-0.259083929893379
1074,-0.299051769384499
1075,-0.398085983734613
1076,-0.441174739603122
1077,-0.355260553408601
1078,-0.378080654315978
1079,-0.302133277934172
1080,-0.24984637661738
1081,-0.298354499820919
1082,-0.373239415548435
1083,-0.322735670216976
1084,-0.244303150794017
1085,-0.20627388641119
1086,-0.115548261145215
1087,-0.0688762670280094
1088,-0.158994441649509
1089,-0.218854468630374
1090,-0.282657180336091
1091,-0.262941301751757
1092,-0.280648596257627
1093,-0.305303455624368
1094,-0.281511655530197
1095,-0.36458893193262
1096,-0.370370220463488
1097,-0.240321001009223
1098,-0.37122909499923
1099,-0.340435413177231
1100,-0.351899232219088
1101,-0.355344574888638
1102,-0.389985292219628
1103,-0.455235025997221
1104,-0.544657792012497
1105,-0.4558610983154
1106,-0.441713038688505
1107,-0.423472325718397
1108,-0.43602546194746
1109,-0.461054134678771
1110,-0.482089830876096
1111,-0.498515265673406
1112,-0.455186421421774
1113,-0.404020636090017
1114,-0.445596380209631
1115,-0.46114655740979
1116,-0.452237265551395
1117,-0.474803639855625
1118,-0.4688340245434
1119,-0.427417307251427
1120,-0.43845151242128
1121,-0.550646435644102
1122,-0.466012772962289
1123,-0.33169076478302
1124,-0.331819564356969
1125,-0.37107127658104
1126,-0.432072076740939
1127,-0.585617114917372
1128,-0.548692229016052
1129,-0.516515193068666
1130,-0.508626589317808
1131,-0.475381410170108
1132,-0.447069476083027
1133,-0.4055469393273
1134,-0.349004452163096
1135,-0.303682948137943
1136,-0.371467498426327
1137,-0.334628766868932
1138,-0.377589454538365
1139,-0.338209304288917
1140,-0.483615074038365
1141,-0.405376047225126
1142,-0.39748143518458
1143,-0.390110913977229
1144,-0.542873716222076
1145,-0.53327750171046
1146,-0.454746946479174
1147,-0.489947913177284
1148,-0.371321005809413
1149,-0.295581285990606
1150,-0.262869212964348
1151,-0.453425948098833
1152,-0.310379623112864
1153,-0.271596028967479
1154,-0.26936556522265
1155,-0.217597324958603
1156,-0.265040093936545
1157,-0.298282599722286
1158,-0.276627981643331
1159,-0.118391111054881
1160,-0.0959981722530044
1161,-0.0691996330299038
1162,-0.122234193349985
1163,-0.252987727169097
1164,-0.265821687495434
1165,-0.204161141055882
1166,-0.275696701251479
1167,-0.225903884411046
1168,-0.23543689330631
1169,-0.251107201944414
1170,-0.240725872518932
1171,-0.294287389210511
1172,-0.1916904051705
1173,-0.267437612700451
1174,-0.279373365609604
1175,-0.349938983952577
1176,-0.334707904962446
1177,-0.27009404499168
1178,-0.281156342789777
1179,-0.311555482891469
1180,-0.195266191310009
1181,-0.315713087772844
1182,-0.359798551009929
1183,-0.292170606333277
1184,-0.376810490821322
1185,-0.298677920724648
1186,-0.253581130592919
1187,-0.203401823233404
1188,-0.167827775909493
1189,-0.357931397032068
1190,-0.229637362083649
1191,-0.381239734663392
1192,-0.411689272173996
1193,-0.309617245981713
1194,-0.306395548239101
1195,-0.253755328337934
1196,-0.413902249866068
1197,-0.509104245075561
1198,-0.414115814871988
1199,-0.332296498767072
1200,-0.367118347019582
1201,-0.453589968932788
1202,-0.394205617020579
1203,-0.24478577786184
1204,-0.463509670126503
1205,-0.368154924193143
1206,-0.421821605704742
1207,-0.426571850246916
1208,-0.369861608272993
1209,-0.400817654494625
1210,-0.470907499299203
1211,-0.405846988083384
1212,-0.392118674714637
1213,-0.444523652736125
1214,-0.510905995907283
1215,-0.533218638024389
1216,-0.506110102272364
1217,-0.519820892706052
1218,-0.409939471298029
1219,-0.449965854384518
1220,-0.421208586180986
1221,-0.333424129536465
1222,-0.287054179487271
1223,-0.341447181071813
1224,-0.398991739647337
1225,-0.384008856445417
1226,-0.476841786235766
1227,-0.488720457067273
1228,-0.496261542332306
1229,-0.426647462005545
1230,-0.444087776134736
1231,-0.327965608715905
1232,-0.352788010512938
1233,-0.322518102991303
1234,-0.388009121307354
1235,-0.430167022890228
1236,-0.437445044256299
1237,-0.457774606474997
1238,-0.418793805134351
1239,-0.437357818544976
1240,-0.403411073255617
1241,-0.281727929672137
1242,-0.291255004349788
1243,-0.309420835831988
1244,-0.312231619797527
1245,-0.267154695014514
1246,-0.34397076107735
1247,-0.310737162371935
1248,-0.261819563289453
1249,-0.369734214347233
1250,-0.427519926734675
1251,-0.394145754365349
1252,-0.324775742272098
1253,-0.302072485029084
1254,-0.317499666252866
1255,-0.286987278397502
1256,-0.376490690766631
1257,-0.348328178948728
1258,-0.376598412925946
1259,-0.407362929789697
1260,-0.36221182835728
1261,-0.335013979553494
1262,-0.348987407451433
1263,-0.415975183834314
1264,-0.386689675753203
1265,-0.358218096929502
1266,-0.358817733728026
1267,-0.390975443972135
1268,-0.375707963799254
1269,-0.349528075502771
1270,-0.338223603510505
1271,-0.281349102991535
1272,-0.281985574488509
1273,-0.317473763395523
1274,-0.345470562214613
1275,-0.290635601730835
1276,-0.308235401530804
1277,-0.410486309831394
1278,-0.586542166378705
1279,-0.407589979047564
1280,-0.332916753410595
1281,-0.375446698929359
1282,-0.328297654636301
1283,-0.333927942826188
1284,-0.327323843965776
1285,-0.289587672439351
1286,-0.236073435698979
1287,-0.288802056608828
1288,-0.393752581740975
1289,-0.333450402652579
1290,-0.361062654774157
1291,-0.390766847620553
1292,-0.3514698322223
1293,-0.395297212200344
1294,-0.394563135503064
1295,-0.341878765269648
1296,-0.305656879753524
1297,-0.43315374879206
1298,-0.322945413951808
1299,-0.386452452616791
1300,-0.370147310905642
1301,-0.309297789012634
1302,-0.406395777310252
1303,-0.358266103967567
1304,-0.221609228924452
1305,-0.239488343552294
1306,-0.185175774339072
1307,-0.207335957117923
1308,-0.23802164195212
1309,-0.216372845299487
1310,-0.208509092623823
1311,-0.183933178689599
1312,-0.186530195993779
1313,-0.264042488340841
1314,-0.288704388566925
1315,-0.289885559065857
1316,-0.276477969915685
1317,-0.290041136408441
1318,-0.304451621306083
1319,-0.295878876497839
1320,-0.327347689786505
1321,-0.336108008115222
1322,-0.304145739275729
1323,-0.28100935073107
1324,-0.197238729394088
1325,-0.199758190286839
1326,-0.218988957695906
1327,-0.153829137996284
1328,-0.145967156045465
1329,-0.168975238482161
1330,-0.253710527519869
1331,-0.293839049708803
1332,-0.445850905785798
1333,-0.519149311187237
1334,-0.475621911111632
1335,-0.444687945703318
1336,-0.492388635143979
1337,-0.472833575241998
1338,-0.464403283929393
1339,-0.37440430376157
1340,-0.327618622079789
1341,-0.424792662969051
1342,-0.415327153509408
1343,-0.409003671344878
1344,-0.436003908615593
1345,-0.417570404385669
1346,-0.532756165236493
1347,-0.591241686385743
1348,-0.594924737668685
1349,-0.609399866305329
1350,-0.657564405661503
1351,-0.5601307908225
1352,-0.543137616508301
1353,-0.501214806275364
1354,-0.41139709478246
1355,-0.447084947238189
1356,-0.43641527102331
1357,-0.446540349441571
1358,-0.481508109436553
1359,-0.464107089147782
1360,-0.554246213722907
1361,-0.529075184773323
1362,-0.501431074968416
1363,-0.485927742972922
1364,-0.42612612625694
1365,-0.388539045305643
1366,-0.390020893497413
1367,-0.396121470799378
1368,-0.403783761403184
1369,-0.554605094761369
1370,-0.498945698143127
1371,-0.356841272626257
1372,-0.345503816993023
1373,-0.345806845720988
1374,-0.386107990801561
1375,-0.413722311356002
1376,-0.373534082200561
1377,-0.421344790585031
1378,-0.384017216290993
1379,-0.426120118011017
1380,-0.432611258497215
1381,-0.420152402397723
1382,-0.392822634604784
1383,-0.378786166118081
1384,-0.317536523125941
1385,-0.355481510832697
1386,-0.332325455077698
1387,-0.371960011171444
1388,-0.286982663113911
1389,-0.341701912331104
1390,-0.335310440451201
1391,-0.361176637420737
1392,-0.429207411471189
1393,-0.436365182461105
1394,-0.308807989617553
1395,-0.342542305359212
1396,-0.335433415454815
1397,-0.319961816989788
1398,-0.350794646213306
1399,-0.479855004974064
1400,-0.505185806699649
1401,-0.415475316522262
1402,-0.377234620112654
1403,-0.401082485903879
1404,-0.418991049138245
1405,-0.361031869020419
1406,-0.30177095286047
1407,-0.289592292367282
1408,-0.287641398390388
1409,-0.222135811068068
1410,-0.280198450228801
1411,-0.261284485104023
1412,-0.405835882845677
1413,-0.306651959699788
1414,-0.352870603101445
1415,-0.293077572483486
1416,-0.297930603326563
1417,-0.336279760336236
1418,-0.336010443309888
1419,-0.307667803661543
1420,-0.275618412955737
1421,-0.213451725039864
1422,-0.203696245550893
1423,-0.25038654048856
1424,-0.253730438012419
1425,-0.38269391838145
1426,-0.233835538756598
1427,-0.208021432606792
1428,-0.287456499752727
1429,-0.272221233213268
1430,-0.355871221152595
1431,-0.337077712570384
1432,-0.337881198863981
1433,-0.255955577538251
1434,-0.319825716197623
1435,-0.301210618029467
1436,-0.2689269497799
1437,-0.342123455418685
1438,-0.495237134837884
1439,-0.480199978044417
1440,-0.43477115883976
1441,-0.396720683824056
1442,-0.381734898665383
1443,-0.303953022441179
1444,-0.279253390713775
1445,-0.225078157590757
1446,-0.327171550945742
1447,-0.355254969522249
1448,-0.394165333913341
1449,-0.433599373876025
1450,-0.403218811559745
1451,-0.434794136688651
1452,-0.431508896047135
1453,-0.453953302641392
1454,-0.435021649233485
1455,-0.496887316975638
1456,-0.545399284580398
1457,-0.524703736228046
1458,-0.510919482798967
1459,-0.499725285488012
1460,-0.432162877775993
1461,-0.344876994370787
1462,-0.498953480808845
1463,-0.42484677951155
1464,-0.509772801934781
1465,-0.50456945811689
1466,-0.467285974383875
1467,-0.369817517230099
1468,-0.436615795314127
1469,-0.422347589326639
1470,-0.309961341791072
1471,-0.42689078797976
1472,-0.414917158024846
1473,-0.441232743014181
1474,-0.398244272782099
1475,-0.507031946248806
1476,-0.443361973067054
1477,-0.400367325841841
1478,-0.41301202566959
1479,-0.405126551216939
1480,-0.334919928187793
1481,-0.270378297464029
1482,-0.272184245047561
1483,-0.383098567014416
1484,-0.339683471952182
1485,-0.343556323914408
1486,-0.326239656152752
1487,-0.285329942046776
1488,-0.34462916891188
1489,-0.34469704786596
1490,-0.275472932453789
1491,-0.311278815596177
1492,-0.332220151716914
1493,-0.349530575925425
1494,-0.278945280658579
1495,-0.358862883392059
1496,-0.337825134341274
1497,-0.414306520384097
1498,-0.350526491230326
1499,-0.337638256170248
1500,-0.402967967709346
1501,-0.321873221148654
1502,-0.382330410247082
1503,-0.360775678185232
1504,-0.296680329112042
1505,-0.243663373741532
1506,-0.401925575810993
1507,-0.504852397925529
1508,-0.396469413238387
1509,-0.371197658710076
1510,-0.397616492644487
1511,-0.48404343748828
1512,-0.323589973477023
1513,-0.423312742502428
1514,-0.463407659611792
1515,-0.485917479855204
1516,-0.4939823878351
1517,-0.421659937680632
1518,-0.477565190500969
1519,-0.518860311906592
1520,-0.507157604550324
1521,-0.58200462665188
1522,-0.537923060935205
1523,-0.571514557910699
1524,-0.549632710522183
1525,-0.435166009001195
1526,-0.401510099257776
1527,-0.402846863092321
1528,-0.453141674900567
1529,-0.386256385298641
1530,-0.386763724792603
1531,-0.341143320244276
1532,-0.225143475409629
1533,-0.265998741273751
1534,-0.304862467991751
1535,-0.346980724514795
1536,-0.371988506750301
1537,-0.332314795192033
1538,-0.377650055743176
1539,-0.283282262102052
1540,-0.312988332452355
1541,-0.449697382480066
1542,-0.404322210609397
1543,-0.446145673378279
1544,-0.477932164273253
1545,-0.301685749089248
1546,-0.307768669305687
1547,-0.291836567307952
1548,-0.210770857901081
1549,-0.343849236498735
1550,-0.322220903662851
1551,-0.343267667312606
1552,-0.265746088522771
1553,-0.28662432444975
1554,-0.324540295417833
1555,-0.428801496047822
1556,-0.383717488739656
1557,-0.362168007374517
1558,-0.254951821431341
1559,-0.352458953649745
1560,-0.332787364430982
1561,-0.306692402523892
1562,-0.355232597447963
1563,-0.243936450614223
1564,-0.229093283745472
1565,-0.331343293848226
1566,-0.250858410442735
1567,-0.311699691765162
1568,-0.252899552305814
1569,-0.294092635190404
1570,-0.362704413099421
1571,-0.315755435211393
1572,-0.349489611777054
1573,-0.44500870341103
1574,-0.384474160788896
1575,-0.410142808159274
1576,-0.34562370677087
1577,-0.408236791712772
1578,-0.512113201664978
1579,-0.539104411023314
1580,-0.451871098707371
1581,-0.338459487777746
1582,-0.305380296085329
1583,-0.297398602173283
1584,-0.28905197183069
1585,-0.346280522131588
1586,-0.341531982308264
1587,-0.414925255134596
1588,-0.378783931082251
1589,-0.429287141310517
1590,-0.334430156333374
1591,-0.374916845814466
1592,-0.373427915431823
1593,-0.369230754939717
1594,-0.323922999485803
1595,-0.388750816704555
1596,-0.465676946392379
1597,-0.450294317114697
1598,-0.323776946290288
1599,-0.326982106629843
1600,-0.446890500787026
1601,-0.538423000098173
1602,-0.385557383506665
1603,-0.414607015953426
1604,-0.470800140132999
1605,-0.532776343848528
1606,-0.542137581367496
1607,-0.587157977356027
1608,-0.605106344183806
1609,-0.509314339240308
1610,-0.414995844979582
1611,-0.343963702795003
1612,-0.441844958113729
1613,-0.397725136907227
1614,-0.365055297166564
1615,-0.52325320278811
1616,-0.427639119844602
1617,-0.512945962691193
1618,-0.558513329380774
1619,-0.418033008290669
1620,-0.519667706435319
1621,-0.475531633362308
1622,-0.405506691590129
1623,-0.483558644681994
1624,-0.524779373974505
1625,-0.429243922478909
1626,-0.449259103578157
1627,-0.508516683717246
1628,-0.449801990903797
1629,-0.372832474630335
1630,-0.433942033410626
1631,-0.420369411399397
1632,-0.522905263095382
1633,-0.448490441000671
1634,-0.384545637254343
1635,-0.439037250698368
1636,-0.36938453074609
1637,-0.363420419857527
1638,-0.386828069565526
1639,-0.41766703845456
1640,-0.233033722934113
1641,-0.411322424938106
1642,-0.444157042694092
1643,-0.471557896823501
1644,-0.470743227001867
1645,-0.404070611742019
1646,-0.413242271317218
1647,-0.654414061549361
1648,-0.505215009041279
1649,-0.500666292637118
1650,-0.454780176901013
1651,-0.500685274886044
1652,-0.477855727026642
1653,-0.440238077267906
1654,-0.355604585961583
1655,-0.286235342222894
1656,-0.205442837052395
1657,-0.372971125803226
1658,-0.329396579030128
1659,-0.30773712857795
1660,-0.345454173301239
1661,-0.232019622222618
1662,-0.302596351395308
1663,-0.322311036956181
1664,-0.107478157906467
1665,-0.289631438562686
1666,-0.248764458220988
1667,-0.319116105114741
1668,-0.306867080096873
1669,-0.441434163801127
1670,-0.46099415167565
1671,-0.382417570317853
1672,-0.500804800748511
1673,-0.419999947145307
1674,-0.513513704504723
1675,-0.553231106391572
1676,-0.483930034573071
1677,-0.453802015470987
1678,-0.401417667582446
1679,-0.449113078151158
1680,-0.439251592014252
1681,-0.517049529355425
1682,-0.418553912324592
1683,-0.465927958579607
1684,-0.402057455935686
1685,-0.453716883808797
1686,-0.426900041623623
1687,-0.436225603464169
1688,-0.359134102956507
1689,-0.325220378988671
1690,-0.301526193705135
1691,-0.253910920668467
1692,-0.311335897980904
1693,-0.292720198313953
1694,-0.240979051655255
1695,-0.286815486809523
1696,-0.363238167532537
1697,-0.447397541016381
1698,-0.394744296401815
1699,-0.49278537322316
1700,-0.414950664572478
1701,-0.494005847228044
1702,-0.478217946486433
1703,-0.526748178115447
1704,-0.49249037757191
1705,-0.422529392856086
1706,-0.443159544303643
1707,-0.347845846617264
1708,-0.446236132707213
1709,-0.313213735477789
1710,-0.351324841020558
1711,-0.317132571444124
1712,-0.320939700108161
1713,-0.347400535761895
1714,-0.408957132062296
1715,-0.348010011466347
1716,-0.368116013012916
1717,-0.247583087847167
1718,-0.360824571499429
1719,-0.252033005129291
1720,-0.249176895035766
1721,-0.115514581590743
1722,-0.205689940464186
1723,-0.21640657527033
1724,-0.187673433307407
1725,-0.416136212247732
1726,-0.368633500741803
1727,-0.307873743587501
1728,-0.325889536687452
1729,-0.35459432438027
1730,-0.227388763607286
1731,-0.239758749753176
1732,-0.269204148420679
1733,-0.403993522303854
1734,-0.28825816922209
1735,-0.328514610498588
1736,-0.269592391059206
1737,-0.282920823579428
1738,-0.318526553245993
1739,-0.300106583051951
1740,-0.326622470442653
1741,-0.269560173689791
1742,-0.294094548781016
1743,-0.276357625983936
1744,-0.282922499762805
1745,-0.315613039275476
1746,-0.398334538892708
1747,-0.476198163704238
1748,-0.383616547806438
1749,-0.327671725910092
1750,-0.45129046075489
1751,-0.332752414035855
1752,-0.3845781807073
1753,-0.458633282521498
1754,-0.253303270746786
1755,-0.355534989534472
1756,-0.398478749489312
1757,-0.242486609863626
1758,-0.348611635339478
1759,-0.291785785366296
1760,-0.278618548065879
1761,-0.227851990221116
1762,-0.411492133374564
1763,-0.411725505826031
1764,-0.465799271509848
1765,-0.387352485002537
1766,-0.365966132648776
1767,-0.274872460507326
1768,-0.315092426993873
1769,-0.317532860939845
1770,-0.360417065413467
1771,-0.30326633661757
1772,-0.381664219529277
1773,-0.287019702831959
1774,-0.272663404327487
1775,-0.342882528270534
1776,-0.349541415847637
1777,-0.32089791672597
1778,-0.285831704246175
1779,-0.317509090640582
1780,-0.260230132760275
1781,-0.246267416334136
1782,-0.399984381531437
1783,-0.381380489265353
1784,-0.307287030045574
1785,-0.388653886276354
1786,-0.154707327662013
1787,-0.381328658736385
1788,-0.243216246225744
1789,-0.198939052151178
1790,-0.21741087288904
1791,-0.212267790203523
1792,-0.327517086912079
1793,-0.355827601293288
1794,-0.317474562271686
1795,-0.411673334505228
1796,-0.223696688986284
1797,-0.387716787627041
1798,-0.334843933520448
1799,-0.343740063405735
1800,-0.421708646560261
1801,-0.255091002086221
1802,-0.343115318773715
1803,-0.26506336217572
1804,-0.399528581877286
1805,-0.465597692013903
1806,-0.380295935841324
1807,-0.358653573513863
1808,-0.275061160633623
1809,-0.347612085491784
1810,-0.41672202900792
1811,-0.39641338965597
1812,-0.528878366436607
1813,-0.458375541714898
1814,-0.495142110809397
1815,-0.610928936124513
1816,-0.548993483415233
1817,-0.459422997970278
1818,-0.544346084258184
1819,-0.453288318898379
1820,-0.445176365333319
1821,-0.495276030936246
1822,-0.399854151960669
1823,-0.311247507239465
1824,-0.346762708754062
1825,-0.419302090230703
1826,-0.308486301683895
1827,-0.285644068522626
1828,-0.365439824103407
1829,-0.511542196899304
1830,-0.486672059259186
1831,-0.35747937701263
1832,-0.423795920449069
1833,-0.450046240860265
1834,-0.369602229695774
1835,-0.29556990831978
1836,-0.436022918206673
1837,-0.498322510306338
1838,-0.491815408138087
1839,-0.551050299372984
1840,-0.538853565581124
1841,-0.46422086842981
1842,-0.408394480639496
1843,-0.446244498719254
1844,-0.335884171430452
1845,-0.373620568524177
1846,-0.35112200198179
1847,-0.360416156277401
1848,-0.353183751818609
1849,-0.461794698394309
1850,-0.468128533483823
1851,-0.487826461965487
1852,-0.370947861823518
1853,-0.430144025340632
1854,-0.341377208023178
1855,-0.264803352530544
1856,-0.359492681464429
1857,-0.323502423142507
1858,-0.310379549809358
1859,-0.33530228215315
1860,-0.270944481953483
1861,-0.216834578218647
1862,-0.223390304230088
1863,-0.195854022260486
1864,-0.171076399014273
1865,-0.298821193911695
1866,-0.26676630723966
1867,-0.257000848005867
1868,-0.301016382611136
1869,-0.404107331464763
1870,-0.381076892114493
1871,-0.379031616518507
1872,-0.356173040498996
1873,-0.141492835710105
1874,-0.244480313861854
1875,-0.166804621700186
1876,-0.280442821308577
1877,-0.339533648654542
1878,-0.314657747197684
1879,-0.40182052066034
1880,-0.412859020161705
1881,-0.46958853313662
1882,-0.307095868160297
1883,-0.199782402297667
1884,-0.291365808668746
1885,-0.381300354397741
1886,-0.347898241643959
1887,-0.328883935174681
1888,-0.274058973843046
1889,-0.227499902622011
1890,-0.244558331288215
1891,-0.372965555136233
1892,-0.424908483960515
1893,-0.344721558707744
1894,-0.128683468292791
1895,-0.272689944692674
1896,-0.297290611693088
1897,-0.249553969553674
1898,-0.292301439493869
1899,-0.403047588372172
1900,-0.297592944341182
1901,-0.255769976837511
1902,-0.519977516780059
1903,-0.404355849672516
1904,-0.411410613778023
1905,-0.368792103711164
1906,-0.453567823036027
1907,-0.332444563006207
1908,-0.328464452442981
1909,-0.473697482567681
1910,-0.410685464235026
1911,-0.280528746006508
1912,-0.381215561040796
1913,-0.466094078080618
1914,-0.404814627488824
1915,-0.253880107001526
1916,-0.40673848993851
1917,-0.365050299646117
1918,-0.359953529460867
1919,-0.363469586476012
1920,-0.279715197114485
1921,-0.249851012573725
1922,-0.146886224714133
1923,-0.323895094332288
1924,-0.139834080599236
1925,-0.151454173948044
1926,-0.115867992668385
1927,-0.181592999066592
1928,-0.255179619815252
1929,-0.278726116524723
1930,-0.157902571915822
1931,-0.19262870279079
1932,-0.141424418485266
1933,-0.122341886286743
1934,-0.10441705771905
1935,-0.0716508769280294
1936,-0.176919104321669
1937,-0.02528730510829
1938,0.0318790104448004
1939,-0.0588035844227452
1940,-0.00120694809560318
1941,-0.104266426803413
1942,-0.0844799810709538
1943,-0.0326230953503562
1944,-0.0302573765422502
1945,-0.0670218991871648
1946,-0.0883712916723572
1947,-0.0235022562876954
1948,-0.00163077251242394
1949,-0.0807994595158301
1950,-0.0771936486253343
1951,-0.0164680701838967
1952,-0.182291227921251
1953,-0.110709275597072
1954,-0.0318136442702169
1955,-0.00792701767232434
1956,-0.072305252488134
1957,-0.184297617113148
1958,-0.0820839838378064
1959,-0.00942037222438535
1960,-0.0247033100968788
1961,-0.067362881551292
1962,-0.082246132817487
1963,-0.102352932897887
1964,-0.110711448206237
1965,-0.153118944392972
1966,-0.130251328822596
1967,-0.0762580002477319
1968,-0.0898120276998386
1969,0.0403051932237454
1970,0.00124648739257821
1971,0.00518330062667155
1972,-0.0153146521386873
1973,-0.0185667683629466
1974,-0.011680109690024
1975,-0.00473226667194593
1976,0.00887565152936087
1977,-0.0318414275824274
1978,-0.0380829111325393
1979,0.0368107765195755
1980,-0.000573416742084609
1981,0.0619990653513889
1982,0.10862151632502
1983,0.0412237735975642
1984,-0.0492074925464306
1985,0.0102364915058756
1986,0.221485992333624
1987,0.116492589751221
1988,0.270111762041925
1989,0.215157707953595
1990,0.243729577579302
1991,0.282695861119047
1992,0.220070225439257
1993,0.223109042079823
1994,0.346609241039135
1995,0.182598293820392
1996,0.22028608431104
1997,0.238758791268304
1998,0.293979322614836
1999,0.109235159924783
2000,0.150666585662181
